video_id,url,creator,published_at,source_evidence,notes
v01,https://example.test/objectopen/v01,@objectopen,2026-09-14T02:00:00Z,evidence/v01-t0.json,
v02,https://example.test/tinyworks/v02,@tinyworks,2026-09-14T01:00:00Z,evidence/v02-t0.json,
v03,https://example.test/softpayoff/v03,@softpayoff,2026-09-14T00:00:00Z,evidence/v03-t0.json,
v04,https://example.test/unpackit/v04,@unpackit,2026-09-13T23:00:00Z,evidence/v04-t0.json,
v05,https://example.test/reveal.lab/v05,@reveal.lab,2026-09-13T22:00:00Z,evidence/v05-t0.json,
v06,https://example.test/objectopen/v06,@objectopen,2026-09-13T21:00:00Z,evidence/v06-t0.json,
v07,https://example.test/tinyworks/v07,@tinyworks,2026-09-13T20:00:00Z,evidence/v07-t0.json,
v08,https://example.test/softpayoff/v08,@softpayoff,2026-09-13T19:00:00Z,evidence/v08-t0.json,
v09,https://example.test/unpackit/v09,@unpackit,2026-09-13T18:00:00Z,evidence/v09-t0.json,
v10,https://example.test/reveal.lab/v10,@reveal.lab,2026-09-13T17:00:00Z,evidence/v10-t0.json,
v11,https://example.test/objectopen/v11,@objectopen,2026-09-13T16:00:00Z,evidence/v11-t0.json,
v12,https://example.test/tinyworks/v12,@tinyworks,2026-09-13T15:00:00Z,evidence/v12-t0.json,
v13,https://example.test/softpayoff/v13,@softpayoff,2026-09-13T14:00:00Z,evidence/v13-t0.json,
v14,https://example.test/unpackit/v14,@unpackit,2026-09-13T13:00:00Z,evidence/v14-t0.json,
v15,https://example.test/reveal.lab/v15,@reveal.lab,2026-09-13T12:00:00Z,evidence/v15-t0.json,
v16,https://example.test/objectopen/v16,@objectopen,2026-09-13T11:00:00Z,evidence/v16-t0.json,
v17,https://example.test/tinyworks/v17,@tinyworks,2026-09-13T10:00:00Z,evidence/v17-t0.json,
v18,https://example.test/softpayoff/v18,@softpayoff,2026-09-14T03:00:00Z,evidence/v18-t0.json,
v19,https://example.test/unpackit/v19,@unpackit,2026-09-14T02:00:00Z,evidence/v19-t0.json,
v20,https://example.test/reveal.lab/v20,@reveal.lab,2026-09-14T01:00:00Z,evidence/v20-t0.json,
